First Name,Last Name,Number,Address
George,Chapman,9738616977,y2bgjhk4cq
Carlos,Casey,8005416664,1okbjeld21
Arianna,Stewart,1110792507,23qde0tpis
Tess,West,1420451092,xd7pzzu2gf
Carlos,Sullivan,8312688916,lrhidf6e2i
Sofia,Hamilton,7461281894,9neqowe1vj
William,Phillips,2554250309,l6mxggze9y
Ellia,Higgins,7847991706,cihw3sjao3
Michael,Douglas,8826634818,u03sjav37c
Victoria,Morrison,6957856235,2cqtl4dvny
Chester,Thompson,4170756928,252am2vot0
Jacob,Bennett,8921368133,mfwyqe0kq6
Emily,Thompson,5905823989,vhvrjppiau
Frederick,Howard,7967647736,uchq6qtqoa
Dale,Montgomery,4456503154,6omm4hvi9z
Oscar,Campbell,0059500253,6dmb8653fi
Miller,Moore,3669635668,16bjzgcwhi
Jordan,Brooks,2703636162,nunfauim6l
Evelyn,Ryan,3551986078,iydxgqd3l2
Ryan,Baker,4333601489,6nbtlrirh7
Thomas,Hamilton,2569231337,nw8560oipz
Tess,Wilson,5332005344,uoy55ewzml
Fenton,Davis,5330259045,qc40wptvow
Eleanor,Kelley,0563680022,w9zfnuh3oe
Antony,Ferguson,7764569820,y2j9lni96e
Caroline,Armstrong,8653251229,vh1ca90hyw
James,Carroll,0636406852,w9uzt12bh5
Alisa,Baker,6677954987,9f36cdnib8
Leonardo,Cameron,5303896536,9uh2jtj9ta
Alina,Gray,5181837117,uodz9kzv5b
Violet,Turner,1762291805,lx7cvsz5tz
Paige,Kelley,3793546313,jtdg359mrf
Thomas,Perry,6515003098,8chujnfo4g
Naomi,Andrews,6446282799,w11x1x0fn1
Tara,Holmes,0878361289,82sat2r0lu
Tiana,Baker,5929592142,dg7ego3zqr
Deanna,Carroll,2093110430,8hkqt1yoxs
Preston,Robinson,3798898873,zjwd4k065a
Kimberly,Crawford,3401160278,9p1kbggtrc
Miller,Barrett,2448654367,uh5oswbis1
Adrian,Campbell,0792376345,r5s2kyinib
Haris,Ferguson,8763585570,j064o3hwpx
Grace,Bennett,2147614935,wzuot2ezwh
Kimberly,Watson,4070403770,p5g47v131j
Carina,Clark,3637029965,e2ssmmgssp
Victor,Smith,7057052924,e5q7p1s11t
Aida,Reed,4521107838,jl65giqehv
Lucy,Richards,7328133531,dqe1kky0q8
Alan,Brown,4335244132,4z6hwy8cyb
Arianna,Cunningham,0386217780,7crw1g3no0
Amber,Harris,4251379336,sbmqtv4ml8
Tara,Adams,1315984512,qc64gnv294
Nicole,Gibson,5954872408,9lglprxzyz
Adele,Roberts,7181137864,d223xjs9kh
Aiden,Cooper,7944758562,mmtxhda0e9
Alexander,Fowler,6734487732,cagjw1pcca
Edwin,Watson,1156276149,sdn66zqidp
Roman,Myers,4721015958,fwnjvi1qtz
Patrick,Roberts,3716308745,cjbxlz1gwd
Arianna,Evans,1376107889,s1b2pbxqtd
Alan,Foster,4424563593,wfuz7amgl8
Lucas,Thomas,1580541674,jlbfcd68qc
Briony,Myers,7525976654,dzjfq803ie
Jessica,Jones,7713045529,qk8znrdvvz
Michael,Nelson,9154878424,wxac72rat2
Amber,Grant,3396826057,864m1x1dw7
Charlotte,Chapman,1609149636,8y2pxqpb6b
Richard,Myers,0076787213,aacmpoco7i
Patrick,Crawford,8897467561,wgpkain6i4
Grace,Murphy,7757673608,g2dmjdlqh4
Luke,Clark,4408043190,97ocous5ek
John,Walker,1993090929,knlz5szl5a
Alfred,Owens,6735320295,v83v9f4dan
Kellan,Bennett,9618009940,jlbg0kg51n
Frederick,West,3987049548,wqel1aj3e8
Jack,Morgan,1521229509,13ekguvfh8
Jacob,Morrison,4634766912,zvo5zifq58
Byron,Foster,3241951779,a2xmmui2a2
Bruce,Hawkins,8373727250,ns6y6062vk
Caroline,Scott,7802704321,se0nxarhfv
Brooke,Roberts,8110807598,slbu9ddxlx
Chloe,Thomas,8338534447,okdmptqq3d
Haris,Watson,1237340995,2fjxpqic4y
Alan,Carroll,6582336727,33ydm5ti3r
Gianna,Johnston,8709337120,t71v1dy2gp
Albert,Jones,9268043546,n70ni8c1j3
Harold,Chapman,5628096971,dsziel5b42
Naomi,Campbell,1405173533,zhkt11vi8r
Jared,Spencer,2176200355,1ng4def4i0
Dominik,Kelley,4546007207,g051918vhy
Maximilian,Chapman,1304466383,glfo5xtoa5
Maria,Douglas,1956036855,qho4nwk0qf
Kelsey,Thompson,5982050468,nm14dinkxl
Savana,Hill,1759499353,hlq65ls4um
Blake,Ross,3421664851,mptufnvjy7
Maya,Reed,9900488343,7v5c6udu5v
Alexander,Rogers,9207755780,n75lwjduuv
Jessica,Barnes,3921213963,bxvmttipgd
Kate,Morrison,3478483688,ffkft5c8wp
April,Riley,1437934984,kf93ue4w6u